date,total_listings,available_listings,unavailable_listings,availability_rate,unavailability_rate,market_pressure,market_pressure_score,day_of_week,day_name,is_weekend,month,month_name
2026-06-19,2189,394,1795,0.17999086340794884,0.8200091365920512,0.8200091365920512,95.9563301023582,4,Friday,0,6,June
2026-06-20,15955,3453,12502,0.21642118458163584,0.7835788154183642,0.7835788154183642,85.1054132280345,5,Saturday,1,6,June
2026-06-21,19475,8034,11441,0.4125288831835687,0.5874711168164313,0.5874711168164313,26.6939508146458,6,Sunday,1,6,June
2026-06-22,19475,8906,10569,0.45730423620025673,0.5426957637997433,0.5426957637997433,13.357432827713984,0,Monday,0,6,June
2026-06-23,19475,8906,10569,0.45730423620025673,0.5426957637997433,0.5426957637997433,13.357432827713984,1,Tuesday,0,6,June
2026-06-24,19475,9259,10216,0.4754300385109114,0.5245699614890885,0.5245699614890885,7.958590110527108,2,Wednesday,0,6,June
2026-06-25,33911,10909,23002,0.3216950252130577,0.6783049747869423,0.6783049747869423,53.74917872529193,3,Thursday,0,6,June
2026-06-26,50260,11202,39058,0.2228810187027457,0.7771189812972543,0.7771189812972543,83.18132579724042,4,Friday,0,6,June
2026-06-27,64862,10794,54068,0.16641484998920786,0.8335851500107921,0.8335851500107921,100.0,5,Saturday,1,6,June
2026-06-28,68796,17320,51476,0.2517588231873946,0.7482411768126054,0.7482411768126054,74.57995622704226,6,Sunday,1,6,June
2026-06-29,92299,21928,70371,0.23757570504555844,0.7624242949544415,0.7624242949544415,78.80445469473447,0,Monday,0,6,June
2026-06-30,92299,23514,68785,0.25475898980487327,0.7452410101951267,0.7452410101951267,73.68634460006336,1,Tuesday,0,6,June
2026-07-01,92799,22864,69935,0.24638196532290219,0.7536180346770978,0.7536180346770978,76.18147484815178,2,Wednesday,0,7,July
2026-07-02,92799,21889,70910,0.23587538658821755,0.7641246134117825,0.7641246134117825,79.31090134812855,3,Thursday,0,7,July
2026-07-03,92799,16930,75869,0.18243731074688305,0.8175626892531169,0.8175626892531169,95.22764597724101,4,Friday,0,7,July
2026-07-04,92799,16078,76721,0.17325617732949708,0.826743822670503,0.826743822670503,97.96228328798993,5,Saturday,1,7,July
2026-07-05,92799,22671,70128,0.2443022015323441,0.755697798467656,0.755697798467656,76.80094081173695,6,Sunday,1,7,July
2026-07-06,92799,23894,68905,0.25748122285800495,0.7425187771419951,0.7425187771419951,72.87551659689431,0,Monday,0,7,July
2026-07-07,92799,23787,69012,0.256328193191737,0.7436718068082631,0.7436718068082631,73.21895109484049,1,Tuesday,0,7,July
2026-07-08,92799,25438,67361,0.2741193331824696,0.7258806668175304,0.7258806668175304,67.91978888821319,2,Wednesday,0,7,July
2026-07-09,92799,26158,66641,0.28187803747885215,0.7181219625211479,0.7181219625211479,65.60882778053806,3,Thursday,0,7,July
2026-07-10,92799,23457,69342,0.2527721203892283,0.7472278796107716,0.7472278796107716,74.27814160252491,4,Friday,0,7,July
2026-07-11,92799,23312,69487,0.2512096035517624,0.7487903964482376,0.7487903964482376,74.74354349226506,5,Saturday,1,7,July
2026-07-12,92799,30174,62625,0.32515436588756347,0.6748456341124366,0.6748456341124366,52.718800268839,6,Sunday,1,7,July
2026-07-13,92799,31208,61591,0.3362967273354239,0.6637032726645761,0.6637032726645761,49.40000334476106,0,Monday,0,7,July
2026-07-14,92799,33010,59789,0.355715040032759,0.644284959967241,0.644284959967241,43.61618123916303,1,Tuesday,0,7,July
2026-07-15,92799,32742,60057,0.3528270778779944,0.6471729221220056,0.6471729221220056,44.476372318131006,2,Wednesday,0,7,July
2026-07-16,92799,34119,58680,0.36766559984482594,0.6323344001551741,0.6323344001551741,40.0566591997023,3,Thursday,0,7,July
2026-07-17,92799,33489,59310,0.3608767335854912,0.6391232664145088,0.6391232664145088,42.078750168918056,4,Friday,0,7,July
2026-07-18,92799,32142,60657,0.34636149096434227,0.6536385090356577,0.6536385090356577,46.40217324119361,5,Saturday,1,7,July
2026-07-19,92799,35116,57683,0.3784092500996778,0.6215907499003221,0.6215907499003221,36.85661999921326,6,Sunday,1,7,July
2026-07-20,92799,35840,56959,0.38621105830881797,0.613788941691182,0.613788941691182,34.532820218717724,0,Monday,0,7,July
2026-07-21,92799,35550,57249,0.38308602463388614,0.6169139753661138,0.6169139753661138,35.46362399819797,1,Tuesday,0,7,July
2026-07-22,92799,34851,57948,0.37555361587948144,0.6244463841205186,0.6244463841205186,37.70718207356593,2,Wednesday,0,7,July
2026-07-23,92799,35196,57603,0.3792713283548314,0.6207286716451685,0.6207286716451685,36.59984654280491,3,Thursday,0,7,July
2026-07-24,92799,33730,59069,0.3634737443291415,0.6365262556708585,0.6365262556708585,41.3052201314879,4,Friday,0,7,July
2026-07-25,92799,33765,59034,0.36385090356577116,0.6361490964342288,0.6361490964342288,41.19288174430925,5,Saturday,1,7,July
2026-07-26,92799,37488,55311,0.4039698703649824,0.5960301296350177,0.5960301296350177,29.243287016705764,6,Sunday,1,7,July
2026-07-27,92799,37910,54889,0.4085173331609177,0.5914826668390823,0.5914826668390823,27.888807034151718,0,Monday,0,7,July
2026-07-28,92799,37428,55371,0.4033233116736172,0.5966766883263829,0.5966766883263829,29.435867109012026,1,Tuesday,0,7,July
2026-07-29,92799,38418,54381,0.4139915300811431,0.5860084699188569,0.5860084699188569,26.258295585958706,2,Wednesday,0,7,July
2026-07-30,92799,38524,54275,0.41513378376922166,0.5848662162307784,0.5848662162307784,25.918070756217652,3,Thursday,0,7,July
2026-07-31,92799,37696,55103,0.4062112738283818,0.5937887261716183,0.5937887261716183,28.575676030044058,4,Friday,0,7,July
2026-08-01,92799,37106,55693,0.39985344669662387,0.6001465533033761,0.6001465533033761,30.469380271055602,5,Saturday,1,8,August
2026-08-02,92799,39700,53099,0.42780633411997976,0.5721936658800203,0.5721936658800203,22.14350094701493,6,Sunday,1,8,August
2026-08-03,92799,40470,52329,0.43610383732583324,0.5638961626741668,0.5638961626741668,19.672056429084574,0,Monday,0,8,August
2026-08-04,92799,40549,52250,0.43695513960279747,0.5630448603972026,0.5630448603972026,19.418492640881336,1,Tuesday,0,8,August
2026-08-05,92799,40378,52421,0.4351124473324066,0.5648875526675934,0.5648875526675934,19.967345903954165,2,Wednesday,0,8,August
2026-08-06,92799,40330,52469,0.43459520037931443,0.5654047996206856,0.5654047996206856,20.121409977799182,3,Thursday,0,8,August
2026-08-07,92799,40008,52791,0.4311253354023211,0.5688746645976789,0.5688746645976789,21.154923139842786,4,Friday,0,8,August
2026-08-08,92799,40248,52551,0.433711570167782,0.566288429832218,0.566288429832218,20.384602770617747,5,Saturday,1,8,August
2026-08-09,92799,42182,50617,0.45455231198612056,0.5454476880138794,0.5454476880138794,14.177104461945914,6,Sunday,1,8,August
2026-08-10,92799,42474,50325,0.4576988976174312,0.5423011023825688,0.5423011023825688,13.239881346055451,0,Monday,0,8,August
2026-08-11,92799,42369,50430,0.4565674199075421,0.5434325800924579,0.5434325800924579,13.5768965075914,1,Tuesday,0,8,August
2026-08-12,92799,42217,50582,0.45492947122275024,0.5450705287772497,0.5450705287772497,14.06476607476725,2,Wednesday,0,8,August
2026-08-13,92799,41332,51467,0.4453927305251134,0.5546072694748866,0.5546072694748866,16.90532243628462,3,Thursday,0,8,August
2026-08-14,92799,39848,52951,0.4294011788920139,0.5705988211079861,0.5705988211079861,21.668470052659483,4,Friday,0,8,August
2026-08-15,92799,39326,53473,0.4237761182771366,0.5762238817228634,0.5762238817228634,23.343916855723958,5,Saturday,1,8,August
2026-08-16,92799,42075,50724,0.4533992823198526,0.5466007176801474,0.5466007176801474,14.520538959892079,6,Sunday,1,8,August
2026-08-17,92799,42919,49880,0.4624942079117232,0.5375057920882769,0.5375057920882769,11.811578994784028,0,Monday,0,8,August
2026-08-18,92799,42274,50525,0.4555437019795472,0.5444562980204528,0.5444562980204528,13.881814987076321,1,Tuesday,0,8,August
2026-08-19,92799,42244,50555,0.4552204226338646,0.5447795773661354,0.5447795773661354,13.978105033229435,2,Wednesday,0,8,August
2026-08-20,92799,42670,50129,0.4598109893425576,0.5401890106574424,0.5401890106574424,12.610786377854987,3,Thursday,0,8,August
2026-08-21,92799,42586,50213,0.4589058071746463,0.5410941928253538,0.5410941928253538,12.880398507083774,4,Friday,0,8,August
2026-08-22,92799,42730,50069,0.4604575480339228,0.5395424519660772,0.5395424519660772,12.418206285548727,5,Saturday,1,8,August
2026-08-23,92799,44705,48094,0.48174010495802755,0.5182598950419725,0.5182598950419725,6.079111580467644,6,Sunday,1,8,August
2026-08-24,92799,45688,47111,0.49233289151822757,0.5076671084817724,0.5076671084817724,2.9240077348500604,0,Monday,0,8,August
2026-08-25,92799,46118,46681,0.4969665621396782,0.5030334378603217,0.5030334378603217,1.543850406655177,1,Tuesday,0,8,August
2026-08-26,92799,45846,46953,0.49403549607215597,0.5059645039278441,0.5059645039278441,2.4168801584435844,2,Wednesday,0,8,August
2026-08-27,92799,44986,47813,0.4847681548292546,0.5152318451707454,0.5152318451707454,5.177194814833318,3,Thursday,0,8,August
2026-08-28,92799,43349,49450,0.46712787853317383,0.5328721214668262,0.5328721214668262,10.431421666589143,4,Friday,0,8,August
2026-08-29,92799,42227,50572,0.45503723100464444,0.5449627689953556,0.5449627689953556,14.032669392716226,5,Saturday,1,8,August
2026-08-30,92799,43611,49188,0.46995118481880194,0.5300488151811981,0.5300488151811981,9.590488596851797,6,Sunday,1,8,August
2026-08-31,92799,46278,46521,0.49869071864998543,0.5013092813500145,0.5013092813500145,1.0303034938384823,0,Monday,0,8,August
2026-09-01,92799,46463,46336,0.5006842746150282,0.4993157253849718,0.4993157253849718,0.4365148758941872,1,Tuesday,0,9,September
2026-09-02,92799,46599,46200,0.5021498076487894,0.4978501923512107,0.4978501923512107,0.0,2,Wednesday,0,9,September
2026-09-03,92799,45620,47179,0.491600125001347,0.508399874998653,0.508399874998653,3.1422651727971624,3,Thursday,0,9,September
2026-09-04,92799,44041,48758,0.4745848554402526,0.5254151445597474,0.5254151445597474,8.210331268656914,4,Friday,0,9,September
2026-09-05,92799,43832,48967,0.4723326759986638,0.5276673240013362,0.5276673240013362,8.881151923523731,5,Saturday,1,9,September
2026-09-06,92799,45085,47714,0.48583497667000725,0.5141650233299928,0.5141650233299928,4.859437662527993,6,Sunday,1,9,September
2026-09-07,92799,45776,47023,0.49328117759889656,0.5067188224011034,0.5067188224011034,2.6415569328008717,0,Monday,0,9,September
2026-09-08,92799,45247,47552,0.4875806851366933,0.5124193148633067,0.5124193148633067,4.33947141330108,1,Tuesday,0,9,September
2026-09-09,92799,44402,48397,0.47847498356663326,0.5215250164333667,0.5215250164333667,7.0516410466142405,2,Wednesday,0,9,September
2026-09-10,92799,44450,48349,0.47899223051972545,0.5210077694802746,0.5210077694802746,6.89757697276926,3,Thursday,0,9,September
2026-09-11,92799,44020,48779,0.47435855989827475,0.5256414401017252,0.5256414401017252,8.27773430096411,4,Friday,0,9,September
2026-09-12,92799,43945,48854,0.47355036153406826,0.5264496384659317,0.5264496384659317,8.518459416346943,5,Saturday,1,9,September
2026-09-13,92799,45778,47021,0.4933027295552754,0.5066972704447246,0.5066972704447246,2.635137596390653,6,Sunday,1,9,September
2026-09-14,92799,46023,46776,0.49594284421168333,0.5040571557883167,0.5040571557883167,1.8487688861400977,0,Monday,0,9,September
2026-09-15,92799,46077,46722,0.49652474703391203,0.503475252966088,0.503475252966088,1.67544680306446,1,Tuesday,0,9,September
2026-09-16,92799,45746,47053,0.49295789825321396,0.5070421017467861,0.5070421017467861,2.7378469789540185,2,Wednesday,0,9,September
2026-09-17,92799,45173,47626,0.4867832627506762,0.5132167372493238,0.5132167372493238,4.576986860478805,3,Thursday,0,9,September
2026-09-18,92799,43300,49499,0.46659985560189227,0.5334001443981078,0.5334001443981078,10.58869540863927,4,Friday,0,9,September
2026-09-19,92799,42820,49979,0.4614273860709706,0.5385726139290294,0.5385726139290294,12.129336147089353,5,Saturday,1,9,September
2026-09-20,92799,44399,48400,0.478442655632065,0.521557344367935,0.521557344367935,7.061270051229569,6,Sunday,1,9,September
2026-09-21,92799,44804,47995,0.4828069267987802,0.5171930732012199,0.5171930732012199,5.761354428162319,0,Monday,0,9,September
2026-09-22,92799,44827,47972,0.48305477429713684,0.5169452257028632,0.5169452257028632,5.687532059444904,1,Tuesday,0,9,September
2026-09-23,92799,43478,49321,0.46851797971960907,0.5314820202803909,0.5314820202803909,10.017374468130672,2,Wednesday,0,9,September
2026-09-24,92799,42436,50363,0.4572894104462333,0.5427105895537667,0.5427105895537667,13.361848737849408,3,Thursday,0,9,September
2026-09-25,92799,41655,51144,0.4488733714802961,0.5511266285197038,0.5511266285197038,15.868599606035902,4,Friday,0,9,September
2026-09-26,92799,41327,51472,0.44533885063416634,0.5546611493658337,0.5546611493658337,16.921370777310134,5,Saturday,1,9,September
2026-09-27,92799,42174,50625,0.4544661041606052,0.5455338958393948,0.5455338958393948,14.202781807586753,6,Sunday,1,9,September
2026-09-28,92799,42766,50033,0.4608454832487419,0.5391545167512581,0.5391545167512581,12.30265823016499,0,Monday,0,9,September
2026-09-29,92799,42868,49931,0.46194463302406275,0.5380553669759373,0.5380553669759373,11.975272073244337,1,Tuesday,0,9,September
2026-09-30,92799,43036,49763,0.46375499735988535,0.5362450026401147,0.5362450026401147,11.436047814786802,2,Wednesday,0,9,September
2026-10-01,92799,42123,50676,0.45391652927294474,0.5460834707270552,0.5460834707270552,14.366474886047065,3,Thursday,0,10,October
2026-10-02,92799,41563,51236,0.4478819814868695,0.5521180185131306,0.5521180185131306,16.163889080905527,4,Friday,0,10,October
2026-10-03,92799,41443,51356,0.44658886410413906,0.553411135895861,0.553411135895861,16.54904926551805,5,Saturday,1,10,October
2026-10-04,92799,42393,50406,0.45682604338408817,0.5431739566159118,0.5431739566159118,13.49986447066891,6,Sunday,1,10,October
2026-10-05,92799,42762,50037,0.4608023793359842,0.5391976206640158,0.5391976206640158,12.315496902985394,0,Monday,0,10,October
2026-10-06,92799,42723,50076,0.46038211618659686,0.5396178838134031,0.5396178838134031,12.440673962984459,1,Tuesday,0,10,October
2026-10-07,92799,42570,50229,0.45873339152361553,0.5412666084763844,0.5412666084763844,12.931753198365422,2,Wednesday,0,10,October
2026-10-08,92799,42173,50626,0.45445532818241574,0.5455446718175843,0.5455446718175843,14.205991475791862,3,Thursday,0,10,October
2026-10-09,92799,41434,51365,0.4464918803004343,0.5535081196995657,0.5535081196995657,16.577936279363968,4,Friday,0,10,October
2026-10-10,92799,41096,51703,0.4428495996724103,0.5571504003275898,0.5571504003275898,17.66280413268926,5,Saturday,1,10,October
2026-10-11,92799,41921,50878,0.4517397816786819,0.5482602183213181,0.5482602183213181,15.01482786347815,6,Sunday,1,10,October
2026-10-12,92799,42637,50162,0.4594553820623067,0.5405446179376933,0.5405446179376933,12.71670542862343,0,Monday,0,10,October
2026-10-13,92799,42929,49870,0.4626019676936174,0.5373980323063826,0.5373980323063826,11.779482312732968,1,Tuesday,0,10,October
2026-10-14,92799,42915,49884,0.4624511039989655,0.5375488960010345,0.5375488960010345,11.824417667604433,2,Wednesday,0,10,October
2026-10-15,92799,42839,49960,0.4616321296565696,0.5383678703434305,0.5383678703434305,12.068352451192375,3,Thursday,0,10,October
2026-10-16,92799,42558,50241,0.4586040797853425,0.5413959202146574,0.5413959202146574,12.970269216826665,4,Friday,0,10,October
2026-10-17,92799,42284,50515,0.4556514617614414,0.5443485382385586,0.5443485382385586,13.84971830502526,5,Saturday,1,10,October
2026-10-18,92799,42943,49856,0.4627528313882693,0.5372471686117307,0.5372471686117307,11.734546957861504,6,Sunday,1,10,October
2026-10-19,92799,43011,49788,0.4634855979051498,0.5365144020948501,0.5365144020948501,11.516289519914402,0,Monday,0,10,October
2026-10-20,92799,43132,49667,0.46478949126606967,0.5352105087339303,0.5352105087339303,11.127919667096773,1,Tuesday,0,10,October
2026-10-21,92799,43151,49648,0.4649942348516687,0.5350057651483313,0.5350057651483313,11.066935971199793,2,Wednesday,0,10,October
2026-10-22,92799,42906,49893,0.46235412019526073,0.5376458798047393,0.5376458798047393,11.853304681450382,3,Thursday,0,10,October
2026-10-23,92799,42779,50020,0.46098557096520437,0.5390144290347957,0.5390144290347957,12.260932543498635,4,Friday,0,10,October
2026-10-24,92799,42809,49990,0.461308850310887,0.538691149689113,0.538691149689113,12.164642497345488,5,Saturday,1,10,October
2026-10-25,92799,43419,49380,0.46788219700643324,0.5321178029935667,0.5321178029935667,10.206744892231825,6,Sunday,1,10,October
2026-10-26,92799,43519,49280,0.46895979482537525,0.5310402051746247,0.5310402051746247,9.88577807172139,0,Monday,0,10,October
2026-10-27,92799,43691,49108,0.47081326307395555,0.5291867369260445,0.5291867369260445,9.333715140443449,1,Tuesday,0,10,October
2026-10-28,92799,43702,49097,0.4709317988340392,0.5290682011659609,0.5290682011659609,9.298408790187313,2,Wednesday,0,10,October
2026-10-29,92799,43893,48906,0.4729900106682184,0.5270099893317816,0.5270099893317816,8.685362163012362,3,Thursday,0,10,October
2026-10-30,92799,44267,48532,0.4770202265110615,0.5229797734889384,0.5229797734889384,7.484946254303335,4,Friday,0,10,October
2026-10-31,92799,44640,48159,0.48103966637571527,0.5189603336242847,0.5189603336242847,6.287740013799417,5,Saturday,1,10,October
2026-11-01,92799,44853,47946,0.48333494973006175,0.5166650502699383,0.5166650502699383,5.604080686112194,6,Sunday,1,11,November
2026-11-02,92799,44723,48076,0.48193407256543713,0.5180659274345629,0.5180659274345629,6.021337552775775,0,Monday,0,11,November
2026-11-03,92799,44613,48186,0.4807487149646009,0.5192512850353991,0.5192512850353991,6.374401055337237,1,Tuesday,0,11,November
2026-11-04,92799,44546,48253,0.48002672442590977,0.5199732755740902,0.5199732755740902,6.589448825079229,2,Wednesday,0,11,November
2026-11-05,92799,44607,48192,0.4806840590954644,0.5193159409045356,0.5193159409045356,6.39365906456786,3,Thursday,0,11,November
2026-11-06,92799,44403,48396,0.4784857595448227,0.5215142404551774,0.5215142404551774,7.048431378409164,4,Friday,0,11,November
2026-11-07,92799,44258,48541,0.47692324270735675,0.5230767572926432,0.5230767572926432,7.513833268149287,5,Saturday,1,11,November
2026-11-08,92799,44884,47915,0.4836690050539338,0.5163309949460663,0.5163309949460663,5.504580971753971,6,Sunday,1,11,November
2026-11-09,92799,45055,47744,0.48551169732432464,0.5144883026756754,0.5144883026756754,4.955727708681107,0,Monday,0,11,November
2026-11-10,92799,45097,47702,0.48596428840828026,0.5140357115917198,0.5140357115917198,4.820921644066748,1,Tuesday,0,11,November
2026-11-11,92799,45021,47778,0.48514531406588435,0.5148546859341157,0.5148546859341157,5.064856427654658,2,Wednesday,0,11,November
2026-11-12,92799,44848,47951,0.4832810698391146,0.5167189301608853,0.5167189301608853,5.620129027137708,3,Thursday,0,11,November
2026-11-13,92799,44528,48271,0.4798327568185002,0.5201672431814998,0.5201672431814998,6.647222852771097,4,Friday,0,11,November
2026-11-14,92799,44296,48503,0.47733272987855474,0.5226672701214453,0.5226672701214453,7.391865876355331,5,Saturday,1,11,November
2026-11-15,92799,45051,47748,0.48546859341156695,0.5145314065884331,0.5145314065884331,4.968566381501544,6,Sunday,1,11,November
2026-11-16,92799,45087,47712,0.48585652862638606,0.5141434713736139,0.5141434713736139,4.853018326117775,0,Monday,0,11,November
2026-11-17,92799,45038,47761,0.4853285056951045,0.5146714943048956,0.5146714943048956,5.0102920681678995,1,Tuesday,0,11,November
2026-11-18,92799,44922,47877,0.4840784922251317,0.5159215077748682,0.5159215077748682,5.382613579959983,2,Wednesday,0,11,November
2026-11-19,92799,44642,48157,0.4810612183320941,0.5189387816679059,0.5189387816679059,6.281320677389199,3,Thursday,0,11,November
2026-11-20,92799,44249,48550,0.476826258903652,0.5231737410963481,0.5231737410963481,7.542720281995237,4,Friday,0,11,November
2026-11-21,92799,44011,48788,0.47426157609457,0.52573842390543,0.52573842390543,8.30662131481006,5,Saturday,1,11,November
2026-11-22,92799,44664,48135,0.48129828985226136,0.5187017101477387,0.5187017101477387,6.210707976876926,6,Sunday,1,11,November
2026-11-23,92799,44727,48072,0.4819771764781948,0.5180228235218052,0.5180228235218052,6.008498879955338,0,Monday,0,11,November
2026-11-24,92799,44644,48155,0.48108277028847296,0.5189172297115271,0.5189172297115271,6.274901340979014,1,Tuesday,0,11,November
2026-11-25,92799,44496,48303,0.47948792551643876,0.5205120744835613,0.5205120744835613,6.7499322353344615,2,Wednesday,0,11,November
2026-11-26,92799,44065,48734,0.4748434789167987,0.5251565210832013,0.5251565210832013,8.133299231734423,3,Thursday,0,11,November
2026-11-27,92799,43572,49227,0.4695309216694145,0.5304690783305854,0.5304690783305854,9.715665656850861,4,Friday,0,11,November
2026-11-28,92799,43454,49345,0.468259356243063,0.5317406437569371,0.5317406437569371,10.094406505053197,5,Saturday,1,11,November
2026-11-29,92799,44449,48350,0.478981454541536,0.521018545458464,0.521018545458464,6.900786640974369,6,Sunday,1,11,November
2026-11-30,92799,45142,47657,0.48644920742680414,0.5135507925731958,0.5135507925731958,4.6764865748370275,0,Monday,0,11,November
2026-12-01,92799,44893,47906,0.48376598885763855,0.5162340111423614,0.5162340111423614,5.47569395790802,1,Tuesday,0,12,December
2026-12-02,92799,44785,48014,0.48260218321318116,0.5173978167868188,0.5173978167868188,5.822338124059296,2,Wednesday,0,12,December
2026-12-03,92799,44477,48322,0.4792831819308398,0.5207168180691603,0.5207168180691603,6.81091593123144,3,Thursday,0,12,December
2026-12-04,92799,43573,49226,0.46954169764760395,0.530458302352396,0.530458302352396,9.712455988645752,4,Friday,0,12,December
2026-12-05,92799,43108,49691,0.46453086778952357,0.5354691322104764,0.5354691322104764,11.204951704019296,5,Saturday,1,12,December
2026-12-06,92799,43799,49000,0.47197706871841294,0.5280229312815871,0.5280229312815871,8.987070974292175,6,Sunday,1,12,December
2026-12-07,92799,44009,48790,0.47424002413819116,0.5257599758618089,0.5257599758618089,8.313040651220279,0,Monday,0,12,December
2026-12-08,92799,44762,48037,0.4823543357148245,0.5176456642851754,0.5176456642851754,5.896160492776678,1,Tuesday,0,12,December
2026-12-09,92799,44951,47848,0.48439099559262494,0.5156090044073751,0.5156090044073751,5.289533202011978,2,Wednesday,0,12,December
2026-12-10,92799,44871,47928,0.48352891733747133,0.5164710826625287,0.5164710826625287,5.546306658420326,3,Thursday,0,12,December
2026-12-11,92799,44665,48134,0.48130906583045074,0.5186909341695493,0.5186909341695493,6.207498308671817,4,Friday,0,12,December
2026-12-12,92799,44658,48141,0.4812336339831248,0.5187663660168752,0.5187663660168752,6.2299659861075485,5,Saturday,1,12,December
2026-12-13,92799,45250,47549,0.48761301307126154,0.5123869869287384,0.5123869869287384,4.329842408685752,6,Sunday,1,12,December
2026-12-14,92799,45388,47411,0.48910009806140153,0.5108999019385985,0.5108999019385985,3.886908196381363,0,Monday,0,12,December
2026-12-15,92799,45453,47346,0.4898005366437138,0.5101994633562862,0.5101994633562862,3.678279763049589,1,Tuesday,0,12,December
2026-12-16,92799,45280,47519,0.48793629241694414,0.5120637075830559,0.5120637075830559,4.233552362532639,2,Wednesday,0,12,December
2026-12-17,92799,44099,48700,0.475209862175239,0.524790137824761,0.524790137824761,8.024170512760872,3,Thursday,0,12,December
2026-12-18,92799,43561,49238,0.46941238590933093,0.5305876140906691,0.5305876140906691,9.75097200710703,4,Friday,0,12,December
2026-12-19,92799,43204,49595,0.46556536169570795,0.534434638304292,0.534434638304292,10.896823556329267,5,Saturday,1,12,December
2026-12-20,92799,43296,49503,0.4665567516891346,0.5334432483108654,0.5334432483108654,10.601534081459672,6,Sunday,1,12,December
2026-12-21,92799,43204,49595,0.46556536169570795,0.534434638304292,0.534434638304292,10.896823556329267,0,Monday,0,12,December
2026-12-22,92799,42142,50657,0.45412127285854376,0.5458787271414562,0.5458787271414562,14.305491190150086,1,Tuesday,0,12,December
2026-12-23,92799,41169,51630,0.44363624608023794,0.5563637539197621,0.5563637539197621,17.42849835371664,2,Wednesday,0,12,December
2026-12-24,92799,40869,51930,0.4404034526234119,0.5595965473765881,0.5595965473765881,18.391398815247946,3,Thursday,0,12,December
2026-12-25,92799,40651,52148,0.4380542893781183,0.5619457106218817,0.5619457106218817,19.091106483960683,4,Friday,0,12,December
2026-12-26,92799,39251,53548,0.4229679199129301,0.5770320800870699,0.5770320800870699,23.58464197110676,5,Saturday,1,12,December
2026-12-27,92799,39184,53615,0.42224592937423894,0.577754070625761,0.577754070625761,23.799689740848752,6,Sunday,1,12,December
2026-12-28,92799,38968,53831,0.4199183180853242,0.5800816819146758,0.5800816819146758,24.492978073151303,0,Monday,0,12,December
2026-12-29,92799,38779,54020,0.41788165820752377,0.5821183417924762,0.5821183417924762,25.099605363916037,1,Tuesday,0,12,December
2026-12-30,92799,38685,54114,0.4168687162577183,0.5831312837422817,0.5831312837422817,25.40131417519585,2,Wednesday,0,12,December
2026-12-31,92799,38464,54335,0.41448722507785646,0.5855127749221436,0.5855127749221436,26.110650848523914,3,Thursday,0,12,December
2027-01-01,92799,39132,53667,0.4216855785083891,0.5783144214916109,0.5783144214916109,23.966592487514205,4,Friday,0,1,January
2027-01-02,92799,40208,52591,0.4332805310402052,0.5667194689597949,0.5667194689597949,20.51298949882192,5,Saturday,1,1,January
2027-01-03,92799,41001,51798,0.44182588174441534,0.5581741182555846,0.5581741182555846,17.967722612174146,6,Sunday,1,1,January
2027-01-04,92799,40964,51835,0.4414271705514068,0.5585728294485932,0.5585728294485932,18.086480335763024,0,Monday,0,1,January
2027-01-05,92799,41058,51741,0.4424401125012123,0.5575598874987877,0.5575598874987877,17.784771524483215,1,Tuesday,0,1,January
2027-01-06,92799,41054,51745,0.4423970085884546,0.5576029914115453,0.5576029914115453,17.79761019730362,2,Wednesday,0,1,January
2027-01-07,92799,41111,51688,0.44301123934525155,0.5569887606547484,0.5569887606547484,17.614659109612685,3,Thursday,0,1,January
2027-01-08,92799,41128,51671,0.4431944309744717,0.5568055690255282,0.5568055690255282,17.56009475012589,4,Friday,0,1,January
2027-01-09,92799,41213,51586,0.44411038912057244,0.5558896108794276,0.5558896108794276,17.28727295269203,5,Saturday,1,1,January
2027-01-10,92799,41193,51606,0.44389486955678403,0.556105130443216,0.556105130443216,17.351466316794117,6,Sunday,1,1,January
2027-01-11,92799,41159,51640,0.44352848629834374,0.5564715137016563,0.5564715137016563,17.46059503576767,0,Monday,0,1,January
2027-01-12,92799,41129,51670,0.44320520695266113,0.5567947930473389,0.5567947930473389,17.556885081920818,1,Tuesday,0,1,January
2027-01-13,92799,41139,51660,0.44331296673455534,0.5566870332654447,0.5566870332654447,17.524788399869756,2,Wednesday,0,1,January
2027-01-14,92799,41133,51666,0.4432483108654188,0.5567516891345812,0.5567516891345812,17.544046409100382,3,Thursday,0,1,January
2027-01-15,92799,41137,51662,0.44329141477817646,0.5567085852218235,0.5567085852218235,17.531207736279974,4,Friday,0,1,January
2027-01-16,92799,41178,51621,0.4437332298839427,0.5562667701160573,0.5562667701160573,17.39961133987069,5,Saturday,1,1,January
2027-01-17,92799,41241,51558,0.44441211650987616,0.5555878834901238,0.5555878834901238,17.197402242949103,6,Sunday,1,1,January
2027-01-18,92799,41272,51527,0.4447461718337482,0.5552538281662518,0.5552538281662518,17.09790252859088,0,Monday,0,1,January
2027-01-19,92799,41257,51542,0.44458453216090693,0.5554154678390931,0.5554154678390931,17.146047551667454,1,Tuesday,0,1,January
2027-01-20,92799,41269,51530,0.44471384389917995,0.5552861561008201,0.5552861561008201,17.107531533206206,2,Wednesday,0,1,January
2027-01-21,92799,41265,51534,0.44467073998642226,0.5553292600135777,0.5553292600135777,17.120370206026614,3,Thursday,0,1,January
2027-01-22,92799,41272,51527,0.4447461718337482,0.5552538281662518,0.5552538281662518,17.09790252859088,4,Friday,0,1,January
2027-01-23,92799,41316,51483,0.4452203148740827,0.5547796851259174,0.5547796851259174,16.9566771275663,5,Saturday,1,1,January
2027-01-24,92799,41324,51475,0.44530652269959803,0.554693477300402,0.554693477300402,16.93099978192546,6,Sunday,1,1,January
2027-01-25,92799,41371,51428,0.4458129936745008,0.5541870063254992,0.5541870063254992,16.780145376285553,0,Monday,0,1,January
2027-01-26,92799,41332,51467,0.4453927305251134,0.5546072694748866,0.5546072694748866,16.90532243628462,1,Tuesday,0,1,January
2027-01-27,92799,41365,51434,0.44574833780536427,0.5542516621946357,0.5542516621946357,16.79940338551618,2,Wednesday,0,1,January
2027-01-28,92799,41380,51419,0.4459099774782056,0.5540900225217944,0.5540900225217944,16.751258362439607,3,Thursday,0,1,January
2027-01-29,92799,41420,51379,0.4463410166057824,0.5536589833942176,0.5536589833942176,16.62287163423543,4,Friday,0,1,January
2027-01-30,92799,41423,51376,0.44637334454035066,0.5536266554596494,0.5536266554596494,16.613242629620135,5,Saturday,1,1,January
2027-01-31,92799,41509,51290,0.4473000786646408,0.5526999213353592,0.5526999213353592,16.337211163981134,6,Sunday,1,1,January
2027-02-01,92799,41402,51397,0.4461470489983728,0.5538529510016271,0.5538529510016271,16.680645661927297,0,Monday,0,2,February
2027-02-02,92799,41324,51475,0.44530652269959803,0.554693477300402,0.554693477300402,16.93099978192546,1,Tuesday,0,2,February
2027-02-03,92799,41401,51398,0.4461362730201834,0.5538637269798166,0.5538637269798166,16.683855330132406,2,Wednesday,0,2,February
2027-02-04,92799,41391,51408,0.4460285132382892,0.5539714867617108,0.5539714867617108,16.715952012183468,3,Thursday,0,2,February
2027-02-05,92799,41376,51423,0.4458668735654479,0.5541331264345521,0.5541331264345521,16.764097035260043,4,Friday,0,2,February
2027-02-06,92799,41442,51357,0.4465780881259496,0.5534219118740503,0.5534219118740503,16.552258933723127,5,Saturday,1,2,February
2027-02-07,92799,41455,51344,0.4467181758424121,0.5532818241575879,0.5532818241575879,16.51053324705677,6,Sunday,1,2,February
2027-02-08,92799,41365,51434,0.44574833780536427,0.5542516621946357,0.5542516621946357,16.79940338551618,0,Monday,0,2,February
2027-02-09,92799,41429,51370,0.44643800040948717,0.5535619995905128,0.5535619995905128,16.59398462038948,1,Tuesday,0,2,February
2027-02-10,92799,41480,51319,0.4469875752971476,0.5530124247028524,0.5530124247028524,16.430291541929172,2,Wednesday,0,2,February
2027-02-11,92799,41473,51326,0.44691214344982166,0.5530878565501783,0.5530878565501783,16.452759219364903,3,Thursday,0,2,February
2027-02-12,92799,41508,51291,0.44728930268645134,0.5527106973135486,0.5527106973135486,16.340420832186243,4,Friday,0,2,February
2027-02-13,92799,41508,51291,0.44728930268645134,0.5527106973135486,0.5527106973135486,16.340420832186243,5,Saturday,1,2,February
2027-02-14,92799,41529,51270,0.4475155982284292,0.5524844017715708,0.5524844017715708,16.273017799879046,6,Sunday,1,2,February
2027-02-15,92799,41542,51257,0.44765568594489163,0.5523443140551083,0.5523443140551083,16.231292113212692,0,Monday,0,2,February
2027-02-16,92799,41575,51224,0.4480112932251425,0.5519887067748575,0.5519887067748575,16.12537306244425,1,Tuesday,0,2,February
2027-02-17,92799,41598,51201,0.44825914072349915,0.5517408592765009,0.5517408592765009,16.051550693726867,2,Wednesday,0,2,February
2027-02-18,92799,41619,51180,0.448485436265477,0.551514563734523,0.551514563734523,15.984147661419673,3,Thursday,0,2,February
2027-02-19,92799,41551,51248,0.44775266974859645,0.5522473302514036,0.5522473302514036,16.202405099366775,4,Friday,0,2,February
2027-02-20,92799,41525,51274,0.4474724943156715,0.5525275056843285,0.5525275056843285,16.285856472699482,5,Saturday,1,2,February
2027-02-21,92799,41641,51158,0.44872250778564426,0.5512774922143557,0.5512774922143557,15.913534960907366,6,Sunday,1,2,February
2027-02-22,92799,41603,51196,0.4483130206144463,0.5516869793855538,0.5516869793855538,16.035502352701357,0,Monday,0,2,February
2027-02-23,92799,41588,51211,0.44815138094160495,0.551848619058395,0.551848619058395,16.083647375777897,1,Tuesday,0,2,February
2027-02-24,92799,41557,51242,0.44781732561773296,0.5521826743822671,0.5521826743822671,16.183147090136153,2,Wednesday,0,2,February
2027-02-25,92799,41579,51220,0.4480543971379002,0.5519456028620998,0.5519456028620998,16.112534389623846,3,Thursday,0,2,February
2027-02-26,92799,41499,51300,0.4471923188827466,0.5528076811172534,0.5528076811172534,16.369307846032193,4,Friday,0,2,February
2027-02-27,92799,41598,51201,0.44825914072349915,0.5517408592765009,0.5517408592765009,16.051550693726867,5,Saturday,1,2,February
2027-02-28,92799,41593,51206,0.4482052608325521,0.5517947391674479,0.5517947391674479,16.06759903475238,6,Sunday,1,2,February
2027-03-01,92799,41292,51507,0.4449616913975366,0.5550383086024634,0.5550383086024634,17.033709164488794,0,Monday,0,3,March
2027-03-02,92799,41258,51541,0.4445953081390963,0.5554046918609037,0.5554046918609037,17.142837883462345,1,Tuesday,0,3,March
2027-03-03,92799,41183,51616,0.44378710977488983,0.5562128902251102,0.5562128902251102,17.38356299884518,2,Wednesday,0,3,March
2027-03-04,92799,41191,51608,0.44387331760040516,0.5561266823995948,0.5561266823995948,17.357885653204338,3,Thursday,0,3,March
2027-03-05,92799,41178,51621,0.4437332298839427,0.5562667701160573,0.5562667701160573,17.39961133987069,4,Friday,0,3,March
2027-03-06,92799,41199,51600,0.44395952542592054,0.5560404745740795,0.5560404745740795,17.332208307563494,5,Saturday,1,3,March
2027-03-07,92799,41174,51625,0.443690125971185,0.5563098740288149,0.5563098740288149,17.412450012691096,6,Sunday,1,3,March
2027-03-08,92799,41221,51578,0.44419659694608776,0.5558034030539122,0.5558034030539122,17.26159560705119,0,Monday,0,3,March
2027-03-09,92799,41160,51639,0.4435392622765332,0.5564607377234668,0.5564607377234668,17.457385367562562,1,Tuesday,0,3,March
2027-03-10,92799,41335,51464,0.44542505845968167,0.5545749415403183,0.5545749415403183,16.895693431669294,2,Wednesday,0,3,March
2027-03-11,92799,41131,51668,0.44322675890903995,0.55677324109096,0.55677324109096,17.5504657455106,3,Thursday,0,3,March
2027-03-12,92799,40993,51806,0.4417396739189,0.5582603260811,0.5582603260811,17.993399957814987,4,Friday,0,3,March
2027-03-13,92799,41123,51676,0.4431405510835246,0.5568594489164754,0.5568594489164754,17.57614309115144,5,Saturday,1,3,March
2027-03-14,92799,41214,51585,0.4441211650987618,0.5558788349012381,0.5558788349012381,17.284063284486923,6,Sunday,1,3,March
2027-03-15,92799,41294,51505,0.4449832433539154,0.5550167566460845,0.5550167566460845,17.027289828078576,0,Monday,0,3,March
2027-03-16,92799,41069,51730,0.44255864826129593,0.5574413517387041,0.5574413517387041,17.749465174227076,1,Tuesday,0,3,March
2027-03-17,92799,39155,53644,0.42193342600674577,0.5780665739932542,0.5780665739932542,23.89277011879679,2,Wednesday,0,3,March
2027-03-18,92799,38739,54060,0.41745061907994696,0.582549380920053,0.582549380920053,25.22799209212021,3,Thursday,0,3,March
2027-03-19,92799,38647,54152,0.41645922908652033,0.5835407709134797,0.5835407709134797,25.5232815669898,4,Friday,0,3,March
2027-03-20,92799,38778,54021,0.4178708822293344,0.5821291177706657,0.5821291177706657,25.102815032121146,5,Saturday,1,3,March
2027-03-21,92799,38728,54071,0.4173320833198634,0.5826679166801366,0.5826679166801366,25.263298442376346,6,Sunday,1,3,March
2027-03-22,92799,37227,55572,0.4011573400575437,0.5988426599424562,0.5988426599424562,30.08101041823797,0,Monday,0,3,March
2027-03-23,92799,35953,56846,0.38742874384422243,0.6125712561557776,0.6125712561557776,34.170127711540935,1,Tuesday,0,3,March
2027-03-24,92799,35716,57083,0.38487483701332986,0.6151251629866701,0.6151251629866701,34.93081907615065,2,Wednesday,0,3,March
2027-03-25,92799,35733,57066,0.38505802864255,0.61494197135745,0.61494197135745,34.876254716663894,3,Thursday,0,3,March
2027-03-26,92799,34019,58780,0.3665880020258839,0.6334119979741161,0.6334119979741161,40.37762602021274,4,Friday,0,3,March
2027-03-27,92799,34030,58769,0.3667065377859675,0.6332934622140325,0.6332934622140325,40.3423196699566,5,Saturday,1,3,March
2027-03-28,92799,34041,58758,0.36682507354605115,0.6331749264539489,0.6331749264539489,40.30701331970047,6,Sunday,1,3,March
2027-03-29,92799,34116,58683,0.36763327191025763,0.6323667280897424,0.6323667280897424,40.06628820431763,0,Monday,0,3,March
2027-03-30,92799,34104,58695,0.3675039601719846,0.6324960398280154,0.6324960398280154,40.10480422277888,1,Tuesday,0,3,March
2027-03-31,92799,34143,58656,0.367924223321372,0.632075776678628,0.632075776678628,39.97962716277981,2,Wednesday,0,3,March
2027-04-01,92799,33927,58872,0.36559661203245725,0.6344033879675428,0.6344033879675428,40.672915495082364,3,Thursday,0,4,April
2027-04-02,92799,33907,58892,0.36538109246866884,0.6346189075313312,0.6346189075313312,40.73710885918445,4,Friday,0,4,April
2027-04-03,92799,33927,58872,0.36559661203245725,0.6344033879675428,0.6344033879675428,40.672915495082364,5,Saturday,1,4,April
2027-04-04,92799,33906,58893,0.3653703164904794,0.6346296835095205,0.6346296835095205,40.740318527389526,6,Sunday,1,4,April
2027-04-05,92799,33818,58981,0.36442203040981047,0.6355779695901895,0.6355779695901895,41.02276932943872,0,Monday,0,4,April
2027-04-06,92799,33832,58967,0.3645728941044623,0.6354271058955376,0.6354271058955376,40.977833974567254,1,Tuesday,0,4,April
2027-04-07,92799,33884,58915,0.3651332449703122,0.6348667550296878,0.6348667550296878,40.81093122790183,2,Wednesday,0,4,April
2027-04-08,92799,33839,58960,0.36464832595178825,0.6353516740482117,0.6353516740482117,40.95536629713152,3,Thursday,0,4,April
2027-04-09,92799,33865,58934,0.3649285013847132,0.6350714986152868,0.6350714986152868,40.871914923798805,4,Friday,0,4,April
2027-04-10,92799,33938,58861,0.3657151477925409,0.6342848522074591,0.6342848522074591,40.63760914482619,5,Saturday,1,4,April
2027-04-11,92799,33914,58885,0.3654565243159948,0.6345434756840053,0.6345434756840053,40.71464118174872,6,Sunday,1,4,April
2027-04-12,92799,33895,58904,0.3652517807303958,0.6347482192696042,0.6347482192696042,40.7756248776457,0,Monday,0,4,April
2027-04-13,92799,33888,58911,0.3651763488830699,0.6348236511169302,0.6348236511169302,40.798092555081425,1,Tuesday,0,4,April
2027-04-14,92799,33849,58950,0.36475608573368246,0.6352439142663175,0.6352439142663175,40.92326961508049,2,Wednesday,0,4,April
2027-04-15,92799,33852,58947,0.3647884136682507,0.6352115863317492,0.6352115863317492,40.913640610465166,3,Thursday,0,4,April
2027-04-16,92799,33879,58920,0.36507936507936506,0.6349206349206349,0.6349206349206349,40.82697956892735,4,Friday,0,4,April
2027-04-17,92799,33870,58929,0.3649823812756603,0.6350176187243397,0.6350176187243397,40.855866582773295,5,Saturday,1,4,April
2027-04-18,92799,33854,58945,0.3648099656246296,0.6351900343753705,0.6351900343753705,40.907221274054976,6,Sunday,1,4,April
2027-04-19,92799,33797,59002,0.36419573486783263,0.6358042651321674,0.6358042651321674,41.090172361745914,0,Monday,0,4,April
2027-04-20,92799,33771,59028,0.3639155594349077,0.6360844405650923,0.6360844405650923,41.17362373507862,1,Tuesday,0,4,April
2027-04-21,92799,33703,59096,0.36318279291802713,0.6368172070819729,0.6368172070819729,41.39188117302572,2,Wednesday,0,4,April
2027-04-22,92799,33366,59433,0.35955128826819255,0.6404487117318075,0.6404487117318075,42.473539358145906,3,Thursday,0,4,April
2027-04-23,92799,32334,60465,0.34843047877671096,0.651569521223289,0.651569521223289,45.785916945813575,4,Friday,0,4,April
2027-04-24,92799,32065,60734,0.3455317406437569,0.6544682593562431,0.6544682593562431,46.649317692986656,5,Saturday,1,4,April
2027-04-25,92799,32367,60432,0.3487860860569618,0.6512139139430382,0.6512139139430382,45.67999789504514,6,Sunday,1,4,April
2027-04-26,92799,33478,59321,0.3607581978254076,0.6392418021745924,0.6392418021745924,42.11405651917419,0,Monday,0,4,April
2027-04-27,92799,33723,59076,0.36339831248181553,0.6366016875181845,0.6366016875181845,41.327687808923635,1,Tuesday,0,4,April
2027-04-28,92799,33767,59032,0.36387245552215003,0.63612754447785,0.63612754447785,41.18646240789906,2,Wednesday,0,4,April
2027-04-29,92799,33753,59046,0.36372159182749814,0.6362784081725018,0.6362784081725018,41.23139776277049,3,Thursday,0,4,April
2027-04-30,92799,33732,59067,0.3634952962855203,0.6365047037144796,0.6365047037144796,41.29880079507768,4,Friday,0,4,April
2027-05-01,92799,33665,59134,0.36277330574682914,0.6372266942531708,0.6372266942531708,41.513848564819675,5,Saturday,1,5,May
2027-05-02,92799,33817,58982,0.36441125443162103,0.635588745568379,0.635588745568379,41.025978997643826,6,Sunday,1,5,May
2027-05-03,92799,33833,58966,0.36458367008265175,0.6354163299173482,0.6354163299173482,40.97462430636214,0,Monday,0,5,May
2027-05-04,92799,33694,59105,0.36308580911432237,0.6369141908856777,0.6369141908856777,41.42076818687167,1,Tuesday,0,5,May
2027-05-05,92799,33640,59159,0.36250390629209367,0.6374960937079064,0.6374960937079064,41.59409026994731,2,Wednesday,0,5,May
2027-05-06,92799,33592,59207,0.3619866593390015,0.6380133406609985,0.6380133406609985,41.748154343792294,3,Thursday,0,5,May
2027-05-07,92799,33577,59222,0.3618250196661602,0.6381749803338398,0.6381749803338398,41.796299366868865,4,Friday,0,5,May
2027-05-08,92799,33560,59239,0.36164182803694006,0.63835817196306,0.63835817196306,41.850863726355655,5,Saturday,1,5,May
2027-05-09,92799,33611,59188,0.3621914029246005,0.6378085970753995,0.6378085970753995,41.687170647895314,6,Sunday,1,5,May
2027-05-10,92799,33618,59181,0.36226683477192645,0.6377331652280736,0.6377331652280736,41.66470297045958,0,Monday,0,5,May
2027-05-11,92799,33692,59107,0.3630642571579435,0.6369357428420565,0.6369357428420565,41.42718752328186,1,Tuesday,0,5,May
2027-05-12,92799,33701,59098,0.3631612409616483,0.6368387590383517,0.6368387590383517,41.39830050943594,2,Wednesday,0,5,May
2027-05-13,92799,33644,59155,0.36254701020485136,0.6374529897951486,0.6374529897951486,41.58125159712687,3,Thursday,0,5,May
2027-05-14,92799,33517,59282,0.361178460974795,0.638821539025205,0.638821539025205,41.98887945917512,4,Friday,0,5,May
2027-05-15,92799,33615,59184,0.36223450683735814,0.6377654931626419,0.6377654931626419,41.674331975074914,5,Saturday,1,5,May
2027-05-16,92799,33650,59149,0.36261166607398787,0.6373883339260121,0.6373883339260121,41.561993587896254,6,Sunday,1,5,May
2027-05-17,92799,33661,59138,0.3627302018340715,0.6372697981659285,0.6372697981659285,41.52668723764011,0,Monday,0,5,May
2027-05-18,92799,33683,59116,0.36296727335423873,0.6370327266457613,0.6370327266457613,41.456074537127805,1,Tuesday,0,5,May
2027-05-19,92799,33705,59094,0.36320434487440595,0.636795655125594,0.636795655125594,41.385461836615505,2,Wednesday,0,5,May
2027-05-20,92799,33644,59155,0.36254701020485136,0.6374529897951486,0.6374529897951486,41.58125159712687,3,Thursday,0,5,May
2027-05-21,92799,33653,59146,0.3626439940085561,0.6373560059914438,0.6373560059914438,41.55236458328092,4,Friday,0,5,May
2027-05-22,92799,33660,59139,0.36271942585588207,0.637280574144118,0.637280574144118,41.52989690584523,5,Saturday,1,5,May
2027-05-23,92799,33692,59107,0.3630642571579435,0.6369357428420565,0.6369357428420565,41.42718752328186,6,Sunday,1,5,May
2027-05-24,92799,33739,59060,0.36357072813284624,0.6364292718671537,0.6364292718671537,41.27633311764195,0,Monday,0,5,May
2027-05-25,92799,33730,59069,0.3634737443291415,0.6365262556708585,0.6365262556708585,41.3052201314879,1,Tuesday,0,5,May
2027-05-26,92799,33763,59036,0.36382935160939234,0.6361706483906077,0.6361706483906077,41.199301080719465,2,Wednesday,0,5,May
2027-05-27,92799,33673,59126,0.3628595135723445,0.6371404864276554,0.6371404864276554,41.48817121917884,3,Thursday,0,5,May
2027-05-28,92799,33670,59129,0.3628271856377763,0.6371728143622237,0.6371728143622237,41.497800223794165,4,Friday,0,5,May
2027-05-29,92799,33661,59138,0.3627302018340715,0.6372697981659285,0.6372697981659285,41.52668723764011,5,Saturday,1,5,May
2027-05-30,92799,33731,59068,0.3634845203073309,0.6365154796926691,0.6365154796926691,41.3020104632828,6,Sunday,1,5,May
2027-05-31,92799,33787,59012,0.36408797508593843,0.6359120249140616,0.6359120249140616,41.12226904379697,0,Monday,0,5,May
2027-06-01,92799,33671,59128,0.3628379616159657,0.6371620383840343,0.6371620383840343,41.494590555589056,1,Tuesday,0,6,June
2027-06-02,92799,33619,59180,0.36227761075011583,0.6377223892498841,0.6377223892498841,41.66149330225448,2,Wednesday,0,6,June
2027-06-03,92799,33589,59210,0.3619543314044332,0.6380456685955668,0.6380456685955668,41.75778334840762,3,Thursday,0,6,June
2027-06-04,92799,33320,59479,0.35905559327147923,0.6409444067285208,0.6409444067285208,42.6211840955807,4,Friday,0,6,June
2027-06-05,92799,33335,59464,0.3592172329443205,0.6407827670556795,0.6407827670556795,42.57303907250412,5,Saturday,1,6,June
2027-06-06,92799,33392,59407,0.35983146370111746,0.6401685362988825,0.6401685362988825,42.390087984813164,6,Sunday,1,6,June
2027-06-07,92799,33604,59195,0.36211597107727456,0.6378840289227254,0.6378840289227254,41.70963832533105,0,Monday,0,6,June
2027-06-08,92799,33614,59185,0.36222373085916876,0.6377762691408313,0.6377762691408313,41.67754164328002,1,Tuesday,0,6,June
2027-06-09,92799,33610,59189,0.36218062694641107,0.6378193730535889,0.6378193730535889,41.69038031610042,2,Wednesday,0,6,June
2027-06-10,92799,33607,59192,0.3621482990118428,0.6378517009881572,0.6378517009881572,41.70000932071575,3,Thursday,0,6,June
2027-06-11,92799,33582,59217,0.3618788995571073,0.6381211004428927,0.6381211004428927,41.78025102584335,4,Friday,0,6,June
2027-06-12,92799,33625,59174,0.36234226661925234,0.6376577333807476,0.6376577333807476,41.64223529302385,5,Saturday,1,6,June
2027-06-13,92799,33622,59177,0.3623099386846841,0.6376900613153159,0.6376900613153159,41.65186429763918,6,Sunday,1,6,June
2027-06-14,92799,33590,59209,0.36196510738262266,0.6380348926173773,0.6380348926173773,41.75457368020251,0,Monday,0,6,June
2027-06-15,92799,33326,59473,0.35912024914061574,0.6408797508593843,0.6408797508593843,42.601926086350076,1,Tuesday,0,6,June
2027-06-16,92799,33260,59539,0.358409034580114,0.641590965419886,0.641590965419886,42.81376418788696,2,Wednesday,0,6,June
2027-06-17,92799,33268,59531,0.35849524240562936,0.6415047575943706,0.6415047575943706,42.78808684224612,3,Thursday,0,6,June
2027-06-18,92799,33274,59525,0.35855989827476586,0.6414401017252341,0.6414401017252341,42.7688288330155,4,Friday,0,6,June
2027-06-19,90610,31999,58611,0.35315086635029247,0.6468491336497075,0.6468491336497075,44.37993062657906,5,Saturday,1,6,June
2027-06-20,76844,24229,52615,0.3153011295611889,0.6846988704388111,0.6846988704388111,55.65362611928414,6,Sunday,1,6,June
2027-06-21,73324,22342,50982,0.3047024166712127,0.6952975833287873,0.6952975833287873,58.81049514592951,0,Monday,0,6,June
2027-06-22,73324,22354,50970,0.3048660738639463,0.6951339261360536,0.6951339261360536,58.76174919648338,1,Tuesday,0,6,June
2027-06-23,73324,22325,50999,0.30447056898150676,0.6955294310184933,0.6955294310184933,58.87955190764481,2,Wednesday,0,6,June
2027-06-24,73324,22052,51272,0.3007473678468169,0.6992526321531831,0.6992526321531831,59.98852225754355,3,Thursday,0,6,June
2027-06-25,58888,14626,44262,0.24836978671376173,0.7516302132862382,0.7516302132862382,75.5893942960649,4,Friday,0,6,June
2027-06-26,42539,9896,32643,0.23263358330003056,0.7673664166999694,0.7673664166999694,80.2764854239679,5,Saturday,1,6,June
2027-06-27,27937,9645,18292,0.34524107814010097,0.654758921859899,0.654758921859899,46.73589268228243,6,Sunday,1,6,June
2027-06-28,24004,9294,14710,0.3871854690884853,0.6128145309115147,0.6128145309115147,34.24258807057922,0,Monday,0,6,June
2027-06-29,500,158,342,0.316,0.684,0.684,55.44546476376643,1,Tuesday,0,6,June
2027-06-30,500,142,358,0.284,0.716,0.716,64.97679275626173,2,Wednesday,0,6,June
